{
	"format_version": "1.8.0",
	"animations": {
		"animation.gorgon.walk": {
			"loop": true,
			"animation_length": 2,
			"bones": {
				"waist": {
					"rotation": {
						"0.0": [8, 0, 0],
						"0.5": [0, -5, 0],
						"1.0": [8, 0, 0],
						"1.5": [0, 5, 0],
						"2.0": [8, 0, 0]
					},
					"position": [0, 0, 0]
				},
				"rightarm": {
					"rotation": {
						"0.0": [0, 0, 0],
						"0.5": [0.16564, 24.75999, -6.6791],
						"1.0": [0, 0, 0],
						"1.5": [-15.02726, -18.21278, 7.70964],
						"2.0": [0, 0, 0]
					}
				},
				"leftarm": {
					"rotation": {
						"0.0": [0, 0, 0],
						"0.5": [-14.83436, 24.75999, -6.6791],
						"1.0": [0, 0, 0],
						"1.5": [6.78623, -19.48625, -5.2844],
						"2.0": [0, 0, 0]
					}
				},
				"head": {
					"rotation": {
						"0.0": [0, 0, 0],
						"0.5": [7.5, 5, 0],
						"1.0": [0, -2.5, 0],
						"1.5": [5, -2.5, 0],
						"2.0": [0, 0, 0]
					}
				},
				"snake1": {
					"rotation": {
						"0.0": [0, 0, 0],
						"0.5": [12.5, 0, 0],
						"1.0": [27.5, 0, 0],
						"1.5": [15, 0, 0],
						"2.0": [0, 0, 0]
					}
				},
				"back1_1": {
					"rotation": {
						"0.0": [0, 0, 0],
						"0.5": [10, 0, 0],
						"1.0": [0, 0, 0],
						"1.5": [5, 0, 0],
						"2.0": [0, 0, 0]
					}
				},
				"back1_2": {
					"rotation": {
						"0.0": [0, 0, 0],
						"0.5": [-12.50933, 2.462, -0.43439],
						"1.0": [-12.50893, -2.41946, 0.64826],
						"1.5": [-7.50893, -2.41946, 0.64826],
						"2.0": [0, 0, 0]
					}
				},
				"back1_3": {
					"rotation": {
						"0.0": [0, 0, 0],
						"0.5": [-17.5, -2.5, 0],
						"1.0": [-17.6198, 7.03623, -3.01591],
						"1.5": [-22.52093, 4.72765, -2.05135],
						"2.0": [0, 0, 0]
					}
				},
				"snakehead1": {
					"rotation": {
						"0.0": [0, 0, 0],
						"0.5": [0, -7.5, 0],
						"1.0": [0, 0, 0],
						"1.5": [0, -10, 0],
						"2.0": [0, 0, 0]
					}
				},
				"jaw1": {
					"rotation": {
						"0.0": [0, 0, 0],
						"0.5": [12.5, 0, 0],
						"1.0": [2.5, 0, 0],
						"1.5": [5, 0, 0],
						"2.0": [0, 0, 0]
					}
				},
				"snake8": {
					"rotation": {
						"0.0": [0, 0, 0],
						"0.5": [10, 0, 0],
						"1.0": [2.5, 0, 0],
						"1.5": [-5, 0, 0],
						"2.0": [0, 0, 0]
					}
				},
				"back1_22": {
					"rotation": {
						"0.0": [0, 0, 0],
						"0.5": [15, 0, 0],
						"1.0": [22.5, 0, 0],
						"1.5": [27.5, 0, 0],
						"2.0": [0, 0, 0]
					}
				},
				"back1_23": {
					"rotation": {
						"0.0": [0, 0, 0],
						"0.5": [-7.5, 0, 0],
						"1.0": [-5, 0, 0],
						"1.5": [-10, 0, 0],
						"2.0": [0, 0, 0]
					}
				},
				"back1_24": {
					"rotation": {
						"0.0": [0, 0, 0],
						"0.5": [-7.5, 0, 0],
						"1.0": [-15, 0, 0],
						"1.5": [-20, 0, 0],
						"2.0": [0, 0, 0]
					}
				},
				"snakehead8": {
					"rotation": {
						"0.0": [0, 0, 0],
						"0.5": [-2.5, 0, 0],
						"2.0": [0, 0, 0]
					}
				},
				"jaw8": {
					"rotation": {
						"0.0": [0, 0, 0],
						"0.5": [7.5, 0, 0],
						"1.5": [0, 0, 0],
						"2.0": [0, 0, 0]
					}
				},
				"snake2": {
					"rotation": {
						"0.0": [5, 0, 0],
						"0.5": [15, 0, 0],
						"1.0": [22.5, 0, 0],
						"2.0": [5, 0, 0]
					}
				},
				"back1_4": {
					"rotation": {
						"0.0": [15, 0, 0],
						"0.5": [2.5, 0, 0],
						"1.0": [7.5, 0, 0],
						"1.5": [5, 0, 0],
						"2.0": [15, 0, 0]
					}
				},
				"back1_5": {
					"rotation": {
						"0.0": [-15.0547, -4.82922, 1.29717],
						"0.5": [-12.5547, -4.82922, 1.29717],
						"1.0": [-19.98052, -0.13093, -0.4155],
						"1.5": [-20.27184, -9.52315, 3.03377],
						"2.0": [-15.0547, -4.82922, 1.29717]
					}
				},
				"back1_6": {
					"rotation": {
						"0.0": [-12.73772, -12.3071, 2.20462],
						"0.5": [-30.08865, -9.92492, 1.43162],
						"1.0": [-20.46576, -14.61544, 3.20445],
						"1.5": [-19.86136, -5.22535, -0.29099],
						"2.0": [-12.73772, -12.3071, 2.20462]
					}
				},
				"jaw2": {
					"rotation": {
						"0.0": [22.5, 0, 0],
						"0.5": [30.0193, -2.30959, -0.95723],
						"1.0": [0.0193, -2.30959, -0.95723],
						"1.5": [7.5193, -2.30959, -0.95723],
						"2.0": [22.5, 0, 0]
					}
				},
				"back1_7": {
					"rotation": {
						"0.0": [0, 0, 0],
						"0.5": [12.5, 0, 0],
						"1.0": [20, 0, 0],
						"1.5": [12.5, 0, 0],
						"2.0": [0, 0, 0]
					}
				},
				"back1_8": {
					"rotation": {
						"0.0": [0, 0, 0],
						"0.5": [10.08453, -7.38542, -1.30962],
						"1.0": [10.68307, -6.48365, -6.26395],
						"1.5": [10.08453, -7.38542, -1.30962],
						"2.0": [0, 0, 0]
					}
				},
				"back1_9": {
					"rotation": {
						"0.0": [0, 0, 0],
						"0.5": [-10, 0, 0],
						"1.0": [-7.5, 0, 0],
						"1.5": [-10, 0, 0],
						"2.0": [0, 0, 0]
					}
				},
				"snakehead3": {
					"rotation": {
						"0.0": [0, 0, 0],
						"1.0": [-5, -7.5, 0],
						"2.0": [0, 0, 0]
					}
				},
				"jaw3": {
					"rotation": {
						"0.0": [0, 0, 0],
						"2.0": [0, 0, 0]
					}
				},
				"back1_10": {
					"rotation": {
						"0.0": [0, 0, 0],
						"0.5": [7.5, 0, 0],
						"1.0": [10, 0, 0],
						"2.0": [0, 0, 0]
					}
				},
				"back1_11": {
					"rotation": {
						"0.0": [0, 0, 0],
						"0.5": [20.00933, -2.462, -0.43439],
						"1.0": [7.50933, -2.462, -0.43439],
						"2.0": [0, 0, 0]
					}
				},
				"back1_12": {
					"rotation": {
						"0.0": [0, 0, 0],
						"0.5": [-50.0547, -4.82922, 1.29717],
						"1.5": [-20.0547, -4.82922, 1.29717],
						"2.0": [0, 0, 0]
					}
				},
				"snakehead4": {
					"rotation": {
						"0.0": [0, 0, 0],
						"0.5": [-7.5, 0, 0],
						"1.5": [-2.5, 0, 0],
						"2.0": [0, 0, 0]
					}
				},
				"jaw4": {
					"rotation": [0, 0, 0]
				},
				"back1_13": {
					"rotation": {
						"0.0": [0, 0, 0],
						"0.5": [7.5, 0, 0],
						"1.5": [0, 0, 0],
						"2.0": [0, 0, 0]
					}
				},
				"back1_14": {
					"rotation": {
						"0.0": [0, 0, 0],
						"0.5": [-5, 0, 0],
						"1.0": [-7.5, 0, 0],
						"2.0": [0, 0, 0]
					}
				},
				"back1_15": {
					"rotation": {
						"0.0": [0, 0, 0],
						"0.5": [-10, 0, 0],
						"1.5": [-8.33, 0, 0],
						"2.0": [0, 0, 0]
					}
				},
				"snakehead5": {
					"rotation": {
						"0.0": [0, 0, 0],
						"0.5": [2.5, 0, 0],
						"1.5": [0, 0, 0],
						"2.0": [0, 0, 0]
					}
				},
				"jaw5": {
					"rotation": {
						"0.0": [0, 0, 0],
						"0.5": [5, 0, 0],
						"1.0": [0, 0, 0],
						"1.5": [0, 0, 0],
						"2.0": [0, 0, 0]
					}
				},
				"back1_16": {
					"rotation": {
						"0.0": [0, 0, 0],
						"1.0": [-10, 0, 0],
						"2.0": [0, 0, 0]
					}
				},
				"back1_17": {
					"rotation": {
						"0.0": [0, 0, 0],
						"0.5": [7.5, 0, 0],
						"1.0": [5, 0, 0],
						"2.0": [0, 0, 0]
					}
				},
				"back1_18": {
					"rotation": {
						"0.0": [0, 0, 0],
						"1.0": [7.5, 0, 0],
						"2.0": [0, 0, 0]
					}
				},
				"back1_19": {
					"rotation": {
						"0.0": [0, 0, 0],
						"1.0": [15, 0, 0],
						"2.0": [0, 0, 0]
					}
				},
				"back1_20": {
					"rotation": {
						"0.0": [0, 0, 0],
						"0.5": [10, 0, 0],
						"1.0": [5, 0, 0],
						"2.0": [0, 0, 0]
					}
				},
				"back1_21": {
					"rotation": {
						"0.0": [0, 0, 0],
						"1.0": [-10, 0, 0],
						"2.0": [0, 0, 0]
					}
				},
				"snakehead7": {
					"rotation": {
						"0.0": [0, 0, 0],
						"1.0": [10, 0, 0],
						"2.0": [0, 0, 0]
					}
				},
				"torso2": {
					"rotation": {
						"0.0": [7.5, 0, 0],
						"0.5": [0, 10, 0],
						"1.0": [7.5, 0, 0],
						"1.5": [0, -10, 0],
						"2.0": [7.5, 0, 0]
					}
				},
				"torso3": {
					"rotation": {
						"0.0": [0, 0, 0],
						"0.5": [0, 17.5, 0],
						"1.0": [0, 0, 0],
						"1.5": [0, -17.5, 0],
						"2.0": [0, 0, 0]
					}
				},
				"tail_segment_1": {
					"rotation": {
						"0.0": [0, 0, 0],
						"0.5": [0, -7.5, 0],
						"1.0": [0, 0, 0],
						"1.5": [0, 7.5, 0],
						"2.0": [0, 0, 0]
					}
				},
				"tal_segment_2": {
					"rotation": {
						"0.0": [0, 0, 0],
						"0.5": [0, -20, 0],
						"1.0": [0, 0, 0],