{
	"format_version": "1.8.0",
	"animations": {
		"glide.animation": {
			"loop": true,
			"bones": {
				"spine": {
					"rotation": [-5, 0, 0]
				},
				"spine2": {
					"rotation": [2.5, 0, 0]
				},
				"spine3": {
					"rotation": [2.5, 0, 0]
				},
				"spine4": {
					"rotation": [5, 0, 0]
				}
			}
		},
	"fly.animation": {
			"loop": true,
			"animation_length": 1,
			"bones": {
				"head": {
					"rotation": [5, 0, 0]
				},
				"spine": {
					"rotation": {
						"0.0": [-5, 0, 0],
						"0.5": [4.11, 0, 0],
						"1.0": [-5, 0, 0]
					}
				},
				"leftwing9": {
					"rotation": {
						"0.0": [7.5, 0, -22.5],
						"0.5": [-17.37224, 0.85938, 24.53668],
						"1.0": [7.5, 0, -22.5]
					}
				},
				"leftwing10": {
					"rotation": {
						"0.0": [0, 0, 5],
						"0.5": [-12.45744, 0.65182, -22.4718],
						"1.0": [0, 0, 5]
					}
				},
				"rightwing1": {
					"rotation": {
						"0.0": [7.5, 0, 22.5],
						"0.5": [-17.40922, 0, -19.61086],
						"1.0": [7.5, 0, 22.5]
					}
				},
				"rightwing2": {
					"rotation": {
						"0.0": [0, 0, -7.5],
						"0.5": [2.54256, 0.65182, 22.47178],
						"1.0": [0, 0, -7.5]
					}
				},
				"spine2": {
					"rotation": {
						"0.0": [7.5, 0, 0],
						"0.5": [-20, 0, 0],
						"1.0": [7.5, 0, 0]
					}
				},
				"leftwing2": {
					"rotation": {
						"0.0": [5, 0, -17.5],
						"0.5": [-9.839, -2.61997, 4.53],
						"1.0": [5, 0, -17.5]
					}
				},
				"rightwing11": {
					"rotation": {
						"0.0": [7.5, 0, 5],
						"0.5": [0, 0, -15],
						"1.0": [7.5, 0, 5]
					}
				},
				"rightwing3": {
					"rotation": {
						"0.0": [7.5, 0, 17.5],
						"0.5": [-7.33904, -2.61997, -4.52995],
						"1.0": [7.5, 0, 17.5]
					}
				},
				"rightwing4": {
					"rotation": {
						"0.0": [5, 0, -10],
						"0.5": [0, 0, 15],
						"1.0": [5, 0, -10]
					}
				},
				"spine3": {
					"rotation": {
						"0.0": [-10, 0, 0],
						"0.5": [22.5, 0, 0],
						"1.0": [-10, 0, 0]
					}
				},
				"rightwing9": {
					"rotation": {
						"0.0": [0, 0, 7.5],
						"0.5": [5, 0, -15],
						"1.0": [0, 0, 7.5]
					}
				},
				"rightwing10": {
					"rotation": {
						"0.0": [0, 0, -17.5],
						"0.5": [0, 0, 12.5],
						"1.0": [0, 0, -17.5]
					}
				},
				"rightwing5": {
					"rotation": {
						"0.0": [0, 0, -7.5],
						"0.5": [-0.16938, -3.40429, 19.26634],
						"1.0": [0, 0, -7.5]
					}
				},
				"rightwing6": {
					"rotation": {
						"0.0": [0, 0, 17.5],
						"0.5": [0, 0, -7.5],
						"1.0": [0, 0, 17.5]
					}
				},
				"spine4": {
					"rotation": {
						"0.0": [-10, 0, 0],
						"0.5": [7.5, 0, 0],
						"1.0": [-10, 0, 0]
					}
				},
				"rightwing8": {
					"rotation": {
						"0.0": [5, 0, 5],
						"0.5": [2.29115, 1.58964, -2.38743],
						"1.0": [5, 0, 5]
					}
				},
				"rightwing7": {
					"rotation": {
						"0.0": [2.5, 0, -5],
						"0.5": [0.90793, -4.40988, 19.8367],
						"1.0": [2.5, 0, -5]
					}
				}
			}
		}
	}
}